{
    "value0": {
        "T_imu_cam": [
            {
                "px": -0.030950056130583600,
                "py": -0.077136433704428381,
                "pz": 0.026512487799308242,
                "qx": 0.058468128791897257,
                "qy": 0.019448917300286386,
                "qz": 0.703481356345254549,
                "qw": 0.708037568781531235
            },
            {
                "px": -0.029702271983652186,
                "py": 0.041641180069859347,
                "pz": 0.033393889310081332,
                "qx": 0.064387509380519251,
                "qy": 0.012368495882821941,
                "qz": 0.703280836819202504,
                "qw": 0.707882287889909367
            }
        ],
        "intrinsics": [
            {
                "camera_type": "pinhole",
                "intrinsics": { 
                    "fx": 356.428,
                    "fy": 350.739,
                    "cx": 335.111,
                    "cy": 202.233
                }
            },
            {
                "camera_type": "pinhole",
                "intrinsics": {
                    "fx": 351.829,
                    "fy": 351.373,
                    "cx": 339.936,
                    "cy": 201.159
                }
            }
        ],
        "resolution": [
            [
                672,
                376
            ],
            [
                672,
                376
            ]
        ],
        "vignette": [],
        "calib_accel_bias": [
          0.0,
          0.0,
          0.0,
          0.0,
          0.0,
          0.0,
          0.0,
          0.0,
          0.0
      ],
      "calib_gyro_bias": [
          0.0,
          0.0,
          0.0,
          0.0,
          0.0,
          0.0,
          0.0,
          0.0,
          0.0,
          0.0,
          0.0,
          0.0
      ],
        "imu_update_rate": 142.0,
        "accel_noise_std": [
            0.008,
            0.008,
            0.008
        ],
        "gyro_noise_std": [
            0.0001,
            0.0001,
            0.0001
        ],
        "accel_bias_std": [
            0.0005,
            0.0005,
            0.0005
        ],
        "gyro_bias_std": [
            0.00005,
            0.00005,
            0.00005
        ],
        "cam_time_offset_ns": 0
    }
}
