{
    "value0": {
        "T_imu_cam": [
            {
                "px": -0.030950056130583600,
                "py": -0.077136433704428381,
                "pz": 0.026512487799308242,
                "qx": 0.06350824,
                "qy": 0.01324918,
                "qz": 0.70326592,
                "qw": 0.7079606
            },
            {
                "px": -0.029702271983652186,
                "py": 0.041641180069859347,
                "pz": 0.033393889310081332,
                "qx": 0.06573756,
                "qy": 0.01213106,
                "qz": 0.70304246,
                "qw": 0.70799908
            }
        ],
        "intrinsics": [
            {
                "camera_type": "pinhole",
                "intrinsics": {
                     "fx": 351.0571182029654,
                     "fy": 351.0571182029654,
                     "cx": 340.7338447570801,
                     "cy": 201.70985984802246

                }
            },
            {
                "camera_type": "pinhole",
                "intrinsics": {
                     "fx": 351.0571182029654,
                     "fy": 351.0571182029654,
                     "cx": 340.7338447570801,
                     "cy": 201.70985984802246

                }
            }
        ],
        "resolution": [
            [
                672,
                376
            ],
            [
                672,
                376
            ]
        ],
        "vignette": [],
        "calib_accel_bias": [
          0.0,
          0.0,
          0.0,
          0.0,
          0.0,
          0.0,
          0.0,
          0.0,
          0.0
      ],
      "calib_gyro_bias": [
          0.0,
          0.0,
          0.0,
          0.0,
          0.0,
          0.0,
          0.0,
          0.0,
          0.0,
          0.0,
          0.0,
          0.0
      ],
        "imu_update_rate": 142.0,
        "accel_noise_std": [
            0.008,
            0.008,
            0.008
        ],
        "gyro_noise_std": [
            0.0001,
            0.0001,
            0.0001
        ],
        "accel_bias_std": [
            0.0005,
            0.0005,
            0.0005
        ],
        "gyro_bias_std": [
            0.00005,
            0.00005,
            0.00005
        ],
        "cam_time_offset_ns": 0
    }
}
